vehicle_code,division_name,fixed_asset_name,model,plate,chassis,model_year,ownership,investor_name,purchase_date,purchase_price_aed,down_payment_aed,finance_bank,loan_amount_aed,monthly_emi_aed,loan_start,loan_months,profit_rate_pct,insurer,insurance_expiry,registration_expiry,daily_rate_aed,weekly_rate_aed,monthly_rate_aed,salik_tag_no,status,notes
V-001,V-001 H 82490 Toyota Fortuner,V-001 H 82490 Toyota Fortuner,Toyota Fortuner,H 82490,MHFDX8FS5R0134718,2024,Company (financed),,,,,EMIRATES ISLAMIC BANK,,,,,,ADAMJEE INSURANCE COMPANY LTD (DUBAI,22/01/25,,,,,,Active,
V-002,V-002 M 28158 Kia Sportage,V-002 M 28158 Kia Sportage,Kia Sportage,M 28158,U5YPU81D8SL300215,2025,Company (financed),,,,,EMIRATES ISLAMIC BANK,,,,,,ADAMJEE INSURANCE COMPANY LTD (DUBAI,03/10/25,,,,,,Active,
V-003,V-003 K 91297 Nissan Patrol,V-003 K 91297 Nissan Patrol,Nissan Patrol,K 91297,JN8BY2NY2P9415584,2023,Company (financed),,,,,FIRST ABU DHABI BANK P.J.S.C,,,,,,ADAMJEE INSURANCE COMPANY LTD (DUBAI,03/10/25,,,,,,Active,
V-004,V-004 I 64842 Cadillac Ct4,V-004 I 64842 Cadillac Ct4,Cadillac Ct4,I 64842,1G6DK5RK0M0120550,2021,Company,,,,,,,,,,,ADAMJEE INSURANCE COMPANY LTD (DUBAI,08/10/25,,,,,,Active,
V-005,V-005 V 52893 Exeed Lx,V-005 V 52893 Exeed Lx,Exeed Lx,V 52893,LVTDB21B7SE006695,2025,Company (financed),,,,,EMIRATES ISLAMIC BANK,,,,,,ADAMJEE INSURANCE COMPANY LTD (DUBAI,15/10/25,,,,,,Active,
V-006,V-006 13006 CC Nissan Patrol Le Platinum City,V-006 13006 CC Nissan Patrol Le Platinum City,Nissan Patrol Le Platinum City,13006 CC,JN8AY2NY1R9497550,2024,Company (financed),,,,,EMIRATES ISLAMIC BANK,,,,,,ADAMJEE INSURANCE COMPANY LTD (DUBAI,15/10/25,,,,,,Active,
V-007,V-007 77078 Motorcycle Honda Unicorn,V-007 77078 Motorcycle Honda Unicorn,Honda Unicorn,77078 Motorcycle,ME4KC20F2NA005383,2022,Company,,,,,,,,,,,ADAMJEE INSURANCE COMPANY LTD (DUBAI,12/11/25,,,,,,Active,
V-008,V-008 O 86514 Jac J7,V-008 O 86514 Jac J7,Jac J7,O 86514,LJ12FKT34R4003266,2024,Company (financed),,,,,ﺕﺍﺭﺎﻴﺴﻠﻟ ﺭﻮﺘﺒﺤﻟﺍ ﺔﻛﺮﺷ,,,,,,ADAMJEE INSURANCE COMPANY LTD (DUBAI,24/11/25,,,,,,Active,
V-009,V-009 81754 CC Toyota Highlander Vxr,V-009 81754 CC Toyota Highlander Vxr,Toyota Highlander Vxr,81754 CC,5TDLB3CH6PS595793,2023,Company,,,,,,,,,,,DUBAI INSURANCE (.COMPANY(P.S.C,25/12/25,,,,,,Active,
V-010,V-010 81793 CC Lexus Es 300H,V-010 81793 CC Lexus Es 300H,Lexus Es 300H,81793 CC,JTHB21B1XP2225554,2023,Company,,,,,,,,,,,DUBAI INSURANCE (.COMPANY(P.S.C,25/12/25,,,,,,Active,
V-011,V-011 65114 CC Mercedes Vito 116 Cdi,V-011 65114 CC Mercedes Vito 116 Cdi,Mercedes Vito 116 Cdi,65114 CC,W1WV0FEZ2P4142356,2023,Company,,,,,,,,,,,DUBAI INSURANCE (.COMPANY(P.S.C,25/12/25,,,,,,Active,
V-012,V-012 H 95258 Toyota Raize,V-012 H 95258 Toyota Raize,Toyota Raize,H 95258,MHKAA1BA3RJ108817,2024,Company (financed),,,,,EMIRATES ISLAMIC BANK,,,,,,DUBAI INSURANCE (.COMPANY(P.S.C,25/12/25,,,,,,Active,
V-013,V-013 H 75706 Toyota Rush,V-013 H 75706 Toyota Rush,Toyota Rush,H 75706,MHKEF8BF3PK050545,2024,Company (financed),,,,,EMIRATES ISLAMIC BANK,,,,,,DUBAI INSURANCE (.COMPANY(P.S.C,25/12/25,,,,,,Active,
V-014,V-014 H 95272 Toyota Veloz,V-014 H 95272 Toyota Veloz,Toyota Veloz,H 95272,MHFAB1BY8R3081711,2024,Company (financed),,,,,EMIRATES ISLAMIC BANK,,,,,,DUBAI INSURANCE (.COMPANY(P.S.C,25/12/25,,,,,,Active,
V-015,V-015 T 23013 Jac S3,V-015 T 23013 Jac S3,Jac S3,T 23013,LJ12EKR26P4724722,2023,Company,,,,,,,,,,,DUBAI INSURANCE (.COMPANY(P.S.C,25/12/25,,,,,,Active,
V-016,V-016 M 30148 Mg Mg3,V-016 M 30148 Mg Mg3,Mg Mg3,M 30148,LSJWP4U35SZ088879,2025,Company (financed),,,,,EMIRATES ISLAMIC BANK,,,,,,DUBAI INSURANCE (.COMPANY(P.S.C,20/01/26,,,,,,Active,
V-017,V-017 N 80942 Ford Territory,V-017 N 80942 Ford Territory,Ford Territory,N 80942,LJXCU3BB4SHF52742,2025,Company (financed),,,,,EMIRATES ISLAMIC BANK,,,,,,DUBAI INSURANCE (.COMPANY(P.S.C,20/01/26,,,,,,Active,
V-018,V-018 M 24818 Mg Mg3,V-018 M 24818 Mg Mg3,Mg Mg3,M 24818,LSJWP4U37SZ107318,2025,Company (financed),,,,,EMIRATES ISLAMIC BANK,,,,,,DUBAI INSURANCE (.COMPANY(P.S.C,20/01/26,,,,,,Active,
V-019,V-019 M 29014 Mg Mg3,V-019 M 29014 Mg Mg3,Mg Mg3,M 29014,LSJWP4U36SZ092486,2025,Company (financed),,,,,EMIRATES ISLAMIC BANK,,,,,,DUBAI INSURANCE (.COMPANY(P.S.C,20/01/26,,,,,,Active,
V-020,V-020 M 32925 Mg Mg3,V-020 M 32925 Mg Mg3,Mg Mg3,M 32925,LSJWP4U36SZ092469,2025,Company (financed),,,,,EMIRATES ISLAMIC BANK,,,,,,DUBAI INSURANCE (.COMPANY(P.S.C,20/01/26,,,,,,Active,
V-021,V-021 I 67594 Mg Rx 9,V-021 I 67594 Mg Rx 9,Mg Rx 9,I 67594,LSJWC4W91SZ605155,2025,Company (financed),,,,,EMIRATES ISLAMIC BANK,,,,,,DUBAI INSURANCE (.COMPANY(P.S.C,20/01/26,,,,,,Active,
V-022,V-022 53813 Motorcycle Honda Unicorn,V-022 53813 Motorcycle Honda Unicorn,Honda Unicorn,53813 Motorcycle,ME4KC20E7MA005367,2021,Company,,,,,,,,,,,AL AIN AHLIA INSURANCE CO. (DUBA,27/01/26,,,,,,Active,
V-023,V-023 H 20274 Mg Mg 5,V-023 H 20274 Mg Mg 5,Mg Mg 5,H 20274,LSJA36E39RZ144316,2024,Company (financed),,,,,Dubai Islamic Bank,,,,,,DUBAI INSURANCE (.COMPANY(P.S.C,16/05/26,,,,,,Active,
V-024,V-024 F 59190 Mg Mg 5,V-024 F 59190 Mg Mg 5,Mg Mg 5,F 59190,LSJA36E34RZ113569,2024,Company (financed),,,,,Dubai Islamic Bank,,,,,,DUBAI INSURANCE (.COMPANY(P.S.C,16/05/26,,,,,,Active,
V-025,V-025 F 60582 Mg Zs,V-025 F 60582 Mg Zs,Mg Zs,F 60582,LSJW74U3XRZ072400,2024,Company (financed),,,,,Dubai Islamic Bank,,,,,,DUBAI INSURANCE (.COMPANY(P.S.C,16/05/26,,,,,,Active,
V-026,V-026 F 91984 Mg Zs,V-026 F 91984 Mg Zs,Mg Zs,F 91984,LSJW74U3XRZ072221,2024,Company (financed),,,,,Dubai Islamic Bank,,,,,,DUBAI INSURANCE (.COMPANY(P.S.C,16/05/26,,,,,,Active,
V-027,V-027 H 21755 Mg Gt,V-027 H 21755 Mg Gt,Mg Gt,H 21755,LSJA36U31RN034840,2024,Company (financed),,,,,Dubai Islamic Bank,,,,,,DUBAI INSURANCE (.COMPANY(P.S.C,16/05/26,,,,,,Active,
V-028,V-028 H 21726 Mg Mg 5,V-028 H 21726 Mg Mg 5,Mg Mg 5,H 21726,LSJA36E36RZ113556,2024,Company (financed),,,,,Dubai Islamic Bank,,,,,,DUBAI INSURANCE (.COMPANY(P.S.C,16/05/26,,,,,,Active,
V-029,V-029 11415 EE Nissan Patrol Le Platinum City,V-029 11415 EE Nissan Patrol Le Platinum City,Nissan Patrol Le Platinum City,11415 EE,JN8AY3NY3S9012546,2025,Company,,,,,,,,,,,DUBAI INSURANCE (.COMPANY(P.S.C,28/05/26,,,,,,Active,
V-030,V-030 11417 EE Nissan Patrol Le Platinum City,V-030 11417 EE Nissan Patrol Le Platinum City,Nissan Patrol Le Platinum City,11417 EE,JN8AY3NY9S9012406,2025,Company,,,,,,,,,,,DUBAI INSURANCE (.COMPANY(P.S.C,02/06/26,,,,,,Active,
V-031,V-031 J 39087 Chevrolet Blazer,V-031 J 39087 Chevrolet Blazer,Chevrolet Blazer,J 39087,3GNKBHR40MS577284,2021,Company,,,,,,,,,,,DUBAI INSURANCE (.COMPANY(P.S.C,17/06/26,,,,,,Active,
V-032,V-032 28274 AA Nissan Xterra,V-032 28274 AA Nissan Xterra,Nissan Xterra,28274 AA,MNTAD3N66R6006461,2024,Company (financed),,,,,Dubai Islamic Bank,,,,,,DUBAI INSURANCE (.COMPANY(P.S.C,17/06/26,,,,,,Active,
V-033,V-033 Y 66429 Suzuki Ertiga,V-033 Y 66429 Suzuki Ertiga,Suzuki Ertiga,Y 66429,MA3NC2B18SA788521,2025,Company (financed),,,,,EMIRATES NBD BANK (P.J.S.C),,,,,,DUBAI INSURANCE (.COMPANY(P.S.C,27/07/26,,,,,,Active,
V-034,V-034 W 71633 Jac S3,V-034 W 71633 Jac S3,Jac S3,W 71633,LJ12EKR25R4714248,2024,Company (financed),,,,,EMIRATES NBD BANK (P.J.S.C),,,,,,DUBAI INSURANCE (.COMPANY(P.S.C,27/07/26,,,,,,Active,
V-035,V-035 23983 AA Mitsubishi Xpander,V-035 23983 AA Mitsubishi Xpander,Mitsubishi Xpander,23983 AA,MK2L6T1Y9RN002013,2024,Company (financed),,,,,EMIRATES NBD BANK (P.J.S.C),,,,,,DUBAI INSURANCE (.COMPANY(P.S.C,27/07/26,,,,,,Active,
V-036,V-036 W 95947 Suzuki Ertiga,V-036 W 95947 Suzuki Ertiga,Suzuki Ertiga,W 95947,MA3NC2B11SA785377,2025,Company (financed),,,,,EMIRATES NBD BANK (P.J.S.C),,,,,,DUBAI INSURANCE (.COMPANY(P.S.C,27/07/26,,,,,,Active,
V-037,V-037 N 86785 Jac J7,V-037 N 86785 Jac J7,Jac J7,N 86785,LJ12FKT32R4002780,2024,Company (financed),,,,,EMIRATES NBD BANK (P.J.S.C),,,,,,DUBAI INSURANCE (.COMPANY(P.S.C,27/07/26,,,,,,Active,
V-038,V-038 N 77521 Jac Js4,V-038 N 77521 Jac Js4,Jac Js4,N 77521,LJ12EKS31R4713021,2024,Company (financed),,,,,EMIRATES NBD BANK (P.J.S.C),,,,,,DUBAI INSURANCE (.COMPANY(P.S.C,27/07/26,,,,,,Active,
V-039,V-039 O 44327 Jac Js4,V-039 O 44327 Jac Js4,Jac Js4,O 44327,LJ12EKS34R4704894,2024,Company (financed),,,,,EMIRATES NBD BANK (P.J.S.C),,,,,,DUBAI INSURANCE (.COMPANY(P.S.C,27/07/26,,,,,,Active,
V-040,V-040 Y 83653 Suzuki Ciaz,V-040 Y 83653 Suzuki Ciaz,Suzuki Ciaz,Y 83653,MA3VC7A14RA498074,2024,Company (financed),,,,,EMIRATES NBD BANK (P.J.S.C),,,,,,DUBAI INSURANCE (.COMPANY(P.S.C,27/07/26,,,,,,Active,
V-041,V-041 N 82965 Jac Js4,V-041 N 82965 Jac Js4,Jac Js4,N 82965,LJ12EKS30R4704701,2024,Company (financed),,,,,EMIRATES NBD BANK (P.J.S.C),,,,,,DUBAI INSURANCE (.COMPANY(P.S.C,27/07/26,,,,,,Active,
V-042,V-042 N 76634 Jac J7,V-042 N 76634 Jac J7,Jac J7,N 76634,LJ12FKT38R4002654,2024,Company (financed),,,,,EMIRATES NBD BANK (P.J.S.C),,,,,,DUBAI INSURANCE (.COMPANY(P.S.C,27/07/26,,,,,,Active,
V-043,V-043 N 77310 Jac Js6,V-043 N 77310 Jac Js6,Jac Js6,N 77310,LJ166A253R4706906,2024,Company (financed),,,,,EMIRATES NBD BANK (P.J.S.C),,,,,,DUBAI INSURANCE (.COMPANY(P.S.C,27/07/26,,,,,,Active,
V-044,V-044 O 40118 Jac J7,V-044 O 40118 Jac J7,Jac J7,O 40118,LJ12FKT30R4002664,2024,Company (financed),,,,,EMIRATES NBD BANK (P.J.S.C),,,,,,DUBAI INSURANCE (.COMPANY(P.S.C,27/07/26,,,,,,Active,
V-045,V-045 Y 81235 Suzuki Baleno,V-045 Y 81235 Suzuki Baleno,Suzuki Baleno,Y 81235,MBHWBAC18SG748921,2025,Company (financed),,,,,EMIRATES NBD BANK (P.J.S.C),,,,,,DUBAI INSURANCE (.COMPANY(P.S.C,27/07/26,,,,,,Active,
V-046,V-046 Y 65923 Suzuki Dzire,V-046 Y 65923 Suzuki Dzire,Suzuki Dzire,Y 65923,MBHZF6C13RG483026,2024,Company (financed),,,,,EMIRATES NBD BANK (P.J.S.C),,,,,,DUBAI INSURANCE (.COMPANY(P.S.C,27/07/26,,,,,,Active,
V-047,V-047 W 78108 Jac S3,V-047 W 78108 Jac S3,Jac S3,W 78108,LJ12EKR22R4714112,2024,Company (financed),,,,,EMIRATES NBD BANK (P.J.S.C),,,,,,DUBAI INSURANCE (.COMPANY(P.S.C,27/07/26,,,,,,Active,
V-048,V-048 M 31901 Mg Mg Whale,V-048 M 31901 Mg Mg Whale,Mg Mg Whale,M 31901,LSJA24W91RS055536,2024,Company (financed),,,,,Dubai Islamic Bank,,,,,,DUBAI INSURANCE (.COMPANY(P.S.C,27/07/26,,,,,,Active,
V-049,V-049 O 18930 Jac Js4,V-049 O 18930 Jac Js4,Jac Js4,O 18930,LJ12EKS37R4704694,2024,Company (financed),,,,,EMIRATES NBD BANK (P.J.S.C),,,,,,DUBAI INSURANCE (.COMPANY(P.S.C,29/07/26,,,,,,Active,
V-050,V-050 41267 EE Nissan Xterra,V-050 41267 EE Nissan Xterra,Nissan Xterra,41267 EE,MNTAD3N65S6009616,2025,Company (financed),,,,,EMIRATES NBD BANK (P.J.S.C),,,,,,DUBAI INSURANCE (.COMPANY(P.S.C,21/08/26,,,,,,Active,
V-051,V-051 41277 EE Audi A3,V-051 41277 EE Audi A3,Audi A3,41277 EE,WAUZZZGY0SA066619,2025,Company (financed),,,,,EMIRATES NBD BANK (P.J.S.C),,,,,,DUBAI INSURANCE (.COMPANY(P.S.C,21/08/26,,,,,,Active,
