Name	Code
V-001 H 82490 Toyota Fortuner	V-001
V-002 M 28158 Kia Sportage	V-002
V-003 K 91297 Nissan Patrol	V-003
V-004 I 64842 Cadillac Ct4	V-004
V-005 V 52893 Exeed Lx	V-005
V-006 13006 CC Nissan Patrol Le Platinum City	V-006
V-007 77078 Motorcycle Honda Unicorn	V-007
V-008 O 86514 Jac J7	V-008
V-009 81754 CC Toyota Highlander Vxr	V-009
V-010 81793 CC Lexus Es 300H	V-010
V-011 65114 CC Mercedes Vito 116 Cdi	V-011
V-012 H 95258 Toyota Raize	V-012
V-013 H 75706 Toyota Rush	V-013
V-014 H 95272 Toyota Veloz	V-014
V-015 T 23013 Jac S3	V-015
V-016 M 30148 Mg Mg3	V-016
V-017 N 80942 Ford Territory	V-017
V-018 M 24818 Mg Mg3	V-018
V-019 M 29014 Mg Mg3	V-019
V-020 M 32925 Mg Mg3	V-020
V-021 I 67594 Mg Rx 9	V-021
V-022 53813 Motorcycle Honda Unicorn	V-022
V-023 H 20274 Mg Mg 5	V-023
V-024 F 59190 Mg Mg 5	V-024
V-025 F 60582 Mg Zs	V-025
V-026 F 91984 Mg Zs	V-026
V-027 H 21755 Mg Gt	V-027
V-028 H 21726 Mg Mg 5	V-028
V-029 11415 EE Nissan Patrol Le Platinum City	V-029
V-030 11417 EE Nissan Patrol Le Platinum City	V-030
V-031 J 39087 Chevrolet Blazer	V-031
V-032 28274 AA Nissan Xterra	V-032
V-033 Y 66429 Suzuki Ertiga	V-033
V-034 W 71633 Jac S3	V-034
V-035 23983 AA Mitsubishi Xpander	V-035
V-036 W 95947 Suzuki Ertiga	V-036
V-037 N 86785 Jac J7	V-037
V-038 N 77521 Jac Js4	V-038
V-039 O 44327 Jac Js4	V-039
V-040 Y 83653 Suzuki Ciaz	V-040
V-041 N 82965 Jac Js4	V-041
V-042 N 76634 Jac J7	V-042
V-043 N 77310 Jac Js6	V-043
V-044 O 40118 Jac J7	V-044
V-045 Y 81235 Suzuki Baleno	V-045
V-046 Y 65923 Suzuki Dzire	V-046
V-047 W 78108 Jac S3	V-047
V-048 M 31901 Mg Mg Whale	V-048
V-049 O 18930 Jac Js4	V-049
V-050 41267 EE Nissan Xterra	V-050
V-051 41277 EE Audi A3	V-051
